<archive xmlns="http://www.webhare.net/xmlns/publisher/archive" version="1" source="WebHare Application Portal v4.06.00"><meta xmlns:hs='http://www.webhare.net/xmlns/hs/xmlrecord' hs:type='record'><describetypes hs:type='recordarray'><record hs:type='record'><namespace hs:type='string'>http://www.webhare.net/xmlns/publisher/htmlfile</namespace><members hs:type='recordarray'><record hs:type='record'><name hs:type='string'>allowwitty</name><type hs:type='integer'>6</type><children hs:type='recordarray'></children></record><record hs:type='record'><name hs:type='string'>nowebdesign</name><type hs:type='integer'>6</type><children hs:type='recordarray'></children></record></members><foldertype hs:type='boolean'>false</foldertype><filetype hs:type='boolean'>true</filetype><cloneoncopy hs:type='boolean'>true</cloneoncopy></record><record hs:type='record'><namespace hs:type='string'>http://www.webhare.net/xmlns/publisher/sitesettings</namespace><members hs:type='recordarray'><record hs:type='record'><name hs:type='string'>siteprofiles</name><type hs:type='integer'>13</type><children hs:type='recordarray'></children></record><record hs:type='record'><name hs:type='string'>templates</name><type hs:type='integer'>13</type><children hs:type='recordarray'></children></record><record hs:type='record'><name hs:type='string'>profiles</name><type hs:type='integer'>13</type><children hs:type='recordarray'></children></record><record hs:type='record'><name hs:type='string'>sitedesign</name><type hs:type='integer'>2</type><children hs:type='recordarray'></children></record><record hs:type='record'><name hs:type='string'>webfeatures</name><type hs:type='integer'>14</type><children hs:type='recordarray'></children></record></members><foldertype hs:type='boolean'>false</foldertype><filetype hs:type='boolean'>false</filetype><cloneoncopy hs:type='boolean'>true</cloneoncopy></record></describetypes></meta><folder xmlns:hs='http://www.webhare.net/xmlns/hs/xmlrecord' hs:type='record'><subversion hs:type='integer'>1</subversion><data hs:type='record'><requireprofile hs:type='boolean'>false</requireprofile><requiretemplate hs:type='boolean'>false</requiretemplate><requireprofileinsubfolders hs:type='boolean'>false</requireprofileinsubfolders><requiretemplateinsubfolders hs:type='boolean'>false</requiretemplateinsubfolders><title hs:type='string'></title><description hs:type='string'></description><keywords hs:type='string'></keywords><ordering hs:type='integer'>0</ordering><ispinned hs:type='boolean'>false</ispinned></data><type hs:type='string'>http://www.webhare.net/xmlns/publisher/normalfolder</type><templatepath hs:type='string'></templatepath><profilepath hs:type='string'></profilepath><indexpath hs:type='string'>Webwerf/index.html</indexpath><contentinstances hs:type='recordarray'><record hs:type='record'><namespace hs:type='string'>http://www.webhare.net/xmlns/publisher/sitesettings</namespace><instance hs:type='record'><siteprofiles hs:type='stringarray'></siteprofiles><templates hs:type='stringarray'></templates><profiles hs:type='stringarray'></profiles><sitedesign hs:type='string'>webwerf:webwerf</sitedesign><webfeatures hs:type='stringarray'></webfeatures></instance></record></contentinstances></folder><file xmlns:hs='http://www.webhare.net/xmlns/hs/xmlrecord' hs:type='record'><subversion hs:type='integer'>1</subversion><name hs:type='string'>index.html</name><data hs:type='record'><ordering hs:type='integer'>0</ordering><published hs:type='integer'>11</published><type hs:type='integer'>5</type><title hs:type='string'>Homepage</title><description hs:type='string'></description><keywords hs:type='string'></keywords><ispinned hs:type='boolean'>false</ispinned><externallink hs:type='string'></externallink><modificationdate hs:type='datetime'>736168,39859073</modificationdate><creationdate hs:type='datetime'>736168,39859073</creationdate></data><templatepath hs:type='string'></templatepath><profilepath hs:type='string'></profilepath><linkpath hs:type='string'></linkpath><contentinstances hs:type='recordarray'></contentinstances><type hs:type='string'>http://www.webhare.net/xmlns/publisher/htmlfile</type></file></archive>